country,region_name,subregion_name,sector_name,group_name,link
"Polska","Jura Krakowsko-Częstochowska","Jura Południowa","Dolina Będkowska","Skała Nad Źródłem","https://wspinanie.pl/topo2/page,topo-rejony,rejon,306.html"
"Polska","Jura Krakowsko-Częstochowska","Jura Południowa","Dolina Będkowska","Gęsiarnia","https://wspinanie.pl/topo2/page,topo-rejony,rejon,307.html"
"Polska","Jura Krakowsko-Częstochowska","Jura Południowa","Dolina Będkowska","Forteca","https://wspinanie.pl/topo2/page,topo-rejony,rejon,308.html"
"Polska","Jura Krakowsko-Częstochowska","Jura Południowa","Dolina Będkowska","Czarcie Wrota","https://wspinanie.pl/topo2/page,topo-rejony,rejon,309.html"
"Polska","Jura Krakowsko-Częstochowska","Jura Południowa","Dolina Będkowska","Dupa Słonia","https://wspinanie.pl/topo2/page,topo-rejony,rejon,310.html"
"Polska","Jura Krakowsko-Częstochowska","Jura Południowa","Dolina Będkowska","Skała Z Bluszczem","https://wspinanie.pl/topo2/page,topo-rejony,rejon,311.html"
"Polska","Jura Krakowsko-Częstochowska","Jura Południowa","Dolina Będkowska","Cmentarzysko","https://wspinanie.pl/topo2/page,topo-rejony,rejon,312.html"
"Polska","Jura Krakowsko-Częstochowska","Jura Południowa","Dolina Będkowska","Wąwóz Przecówki","https://wspinanie.pl/topo2/page,topo-rejony,rejon,313.html"
"Polska","Jura Krakowsko-Częstochowska","Jura Południowa","Dolina Będkowska","Sokolica","https://wspinanie.pl/topo2/page,topo-rejony,rejon,314.html"
"Polska","Jura Krakowsko-Częstochowska","Jura Południowa","Dolina Będkowska","Grupa Wysokiej","https://wspinanie.pl/topo2/page,topo-rejony,rejon,315.html"
"Polska","Jura Krakowsko-Częstochowska","Jura Południowa","Dolina Będkowska","Futerko i Lajkonik","https://wspinanie.pl/topo2/page,topo-rejony,rejon,316.html"
"Polska","Jura Krakowsko-Częstochowska","Jura Południowa","Dolina Będkowska","Rogata Grań","https://wspinanie.pl/topo2/page,topo-rejony,rejon,317.html"
"Polska","Jura Krakowsko-Częstochowska","Jura Południowa","Dolina Będkowska","Grupa Pytajników","https://wspinanie.pl/topo2/page,topo-rejony,rejon,318.html"
"Polska","Jura Krakowsko-Częstochowska","Jura Południowa","Dolina Będkowska","Grupa Bramy Będkowskiej","https://wspinanie.pl/topo2/page,topo-rejony,rejon,319.html"
"Polska","Jura Krakowsko-Częstochowska","Jura Południowa","Dolina Będkowska","Luneta i Barykada","https://wspinanie.pl/topo2/page,topo-rejony,rejon,320.html"
"Polska","Jura Krakowsko-Częstochowska","Jura Południowa","Dolina Będkowska","Turnia Nad Szańcem i Reduta","https://wspinanie.pl/topo2/page,topo-rejony,rejon,321.html"
"Polska","Jura Krakowsko-Częstochowska","Jura Południowa","Dolina Będkowska","Migdałkowa","https://wspinanie.pl/topo2/page,topo-rejony,rejon,322.html"
"Polska","Jura Krakowsko-Częstochowska","Jura Południowa","Dolina Będkowska","Wężowe Skały","https://wspinanie.pl/topo2/page,topo-rejony,rejon,323.html"
"Polska","Jura Krakowsko-Częstochowska","Jura Południowa","Dolina Będkowska","Rybna Skała","https://wspinanie.pl/topo2/page,topo-rejony,rejon,324.html"
"Polska","Jura Krakowsko-Częstochowska","Jura Południowa","Dolina Będkowska","Przydrożna","https://wspinanie.pl/topo2/page,topo-rejony,rejon,325.html"
"Polska","Jura Krakowsko-Częstochowska","Jura Południowa","Dolina Będkowska","Cebulowa Skała","https://wspinanie.pl/topo2/page,topo-rejony,rejon,326.html"
"Polska","Jura Krakowsko-Częstochowska","Jura Południowa","Dolina Będkowska","Fiala","https://wspinanie.pl/topo2/page,topo-rejony,rejon,327.html"
"Polska","Jura Krakowsko-Częstochowska","Jura Południowa","Dolina Będkowska","Wzgórze 502","https://wspinanie.pl/topo2/page,topo-rejony,rejon,328.html"
"Polska","Jura Krakowsko-Częstochowska","Jura Południowa","Dolina Będkowska","Psiklatka","https://wspinanie.pl/topo2/page,topo-rejony,rejon,329.html"
"Polska","Jura Krakowsko-Częstochowska","Jura Południowa","Dolina Będkowska","Tomaszówki","https://wspinanie.pl/topo2/page,topo-rejony,rejon,330.html"
"Polska","Jura Krakowsko-Częstochowska","Jura Południowa","Dolina Będkowska","Grupa Łabajowej","https://wspinanie.pl/topo2/page,topo-rejony,rejon,331.html"
"Polska","Jura Krakowsko-Częstochowska","Jura Południowa","Dolina Będkowska","Grupa Wielkiej Turni","https://wspinanie.pl/topo2/page,topo-rejony,rejon,332.html"
"Polska","Jura Krakowsko-Częstochowska","Jura Południowa","Dolina Będkowska","Grupa Zaklętego Muru","https://wspinanie.pl/topo2/page,topo-rejony,rejon,333.html"
"Polska","Jura Krakowsko-Częstochowska","Jura Południowa","Dolina Będkowska","Zbędowy Murek","https://wspinanie.pl/topo2/page,topo-rejony,rejon,334.html"
"Polska","Jura Krakowsko-Częstochowska","Jura Południowa","Dolina Będkowska","Zbędowa Skała","https://wspinanie.pl/topo2/page,topo-rejony,rejon,335.html"
"Polska","Jura Krakowsko-Częstochowska","Jura Południowa","Dolina Będkowska","Okiennik Będkowski","https://wspinanie.pl/topo2/page,topo-rejony,rejon,467.html"
"Polska","Jura Krakowsko-Częstochowska","Jura Południowa","Dolina Będkowska","Goła","https://wspinanie.pl/topo2/page,topo-rejony,rejon,536.html"
"Polska","Jura Krakowsko-Częstochowska","Jura Południowa","Dolina Prądnika","Sułoszowa","https://wspinanie.pl/topo2/page,topo-rejony,rejon,135.html"
"Polska","Jura Krakowsko-Częstochowska","Jura Południowa","Dolina Prądnika","Pochylec","https://wspinanie.pl/topo2/page,topo-rejony,rejon,398.html"
"Polska","Jura Krakowsko-Częstochowska","Jura Południowa","Dolina Prądnika","Skała w Januszowicach","https://wspinanie.pl/topo2/page,topo-rejony,rejon,399.html"
"Polska","Jura Krakowsko-Częstochowska","Jura Południowa","Dolina Prądnika","Skała Zachwytu","https://wspinanie.pl/topo2/page,topo-rejony,rejon,477.html"
"Polska","Jura Krakowsko-Częstochowska","Jura Południowa","Dolina Prądnika","Duży Pochylec","https://wspinanie.pl/topo2/page,topo-rejony,rejon,572.html"
"Polska","Jura Krakowsko-Częstochowska","Jura Południowa","Dolina Szklarki","Słoneczne Skały","https://wspinanie.pl/topo2/page,topo-rejony,rejon,44.html"
"Polska","Jura Krakowsko-Częstochowska","Jura Południowa","Dolina Szklarki","Witkowe Skały","https://wspinanie.pl/topo2/page,topo-rejony,rejon,45.html"
"Polska","Jura Krakowsko-Częstochowska","Jura Południowa","Dolina Szklarki","Brodło","https://wspinanie.pl/topo2/page,topo-rejony,rejon,111.html"
"Polska","Jura Krakowsko-Częstochowska","Jura Południowa","Dolina Szklarki","Kozłowe Skały","https://wspinanie.pl/topo2/page,topo-rejony,rejon,371.html"
"Polska","Jura Krakowsko-Częstochowska","Jura Południowa","Dolina Szklarki","Chochołowe Skały","https://wspinanie.pl/topo2/page,topo-rejony,rejon,372.html"
"Polska","Jura Krakowsko-Częstochowska","Jura Południowa","Dolina Szklarki","Łyse Skały","https://wspinanie.pl/topo2/page,topo-rejony,rejon,373.html"
"Polska","Jura Krakowsko-Częstochowska","Jura Południowa","Dolina Szklarki","Pozornica","https://wspinanie.pl/topo2/page,topo-rejony,rejon,533.html"
"Polska","Jura Krakowsko-Częstochowska","Jura Południowa","Dolina Kobylańska","Gzylowe Skały","https://wspinanie.pl/topo2/page,topo-rejony,rejon,343.html"
"Polska","Jura Krakowsko-Częstochowska","Jura Południowa","Dolina Kobylańska","Lotniki","https://wspinanie.pl/topo2/page,topo-rejony,rejon,345.html"
"Polska","Jura Krakowsko-Częstochowska","Jura Południowa","Dolina Kobylańska","Grupa nad Źródełkiem","https://wspinanie.pl/topo2/page,topo-rejony,rejon,346.html"
"Polska","Jura Krakowsko-Częstochowska","Jura Południowa","Dolina Kobylańska","Grupa Obelisku","https://wspinanie.pl/topo2/page,topo-rejony,rejon,347.html"
"Polska","Jura Krakowsko-Częstochowska","Jura Południowa","Dolina Kobylańska","Zadnia Wronia Baszta","https://wspinanie.pl/topo2/page,topo-rejony,rejon,348.html"
"Polska","Jura Krakowsko-Częstochowska","Jura Południowa","Dolina Kobylańska","Wielka Wronia Baszta","https://wspinanie.pl/topo2/page,topo-rejony,rejon,349.html"
"Polska","Jura Krakowsko-Częstochowska","Jura Południowa","Dolina Kobylańska","Skalny Mur","https://wspinanie.pl/topo2/page,topo-rejony,rejon,350.html"
"Polska","Jura Krakowsko-Częstochowska","Jura Południowa","Dolina Kobylańska","Pieninki","https://wspinanie.pl/topo2/page,topo-rejony,rejon,351.html"
"Polska","Jura Krakowsko-Częstochowska","Jura Południowa","Dolina Kobylańska","Grupa Płetwy","https://wspinanie.pl/topo2/page,topo-rejony,rejon,352.html"
"Polska","Jura Krakowsko-Częstochowska","Jura Południowa","Dolina Kobylańska","Okręt i Żabka","https://wspinanie.pl/topo2/page,topo-rejony,rejon,353.html"
"Polska","Jura Krakowsko-Częstochowska","Jura Południowa","Dolina Kobylańska","Dwoista Turnia","https://wspinanie.pl/topo2/page,topo-rejony,rejon,354.html"
"Polska","Jura Krakowsko-Częstochowska","Jura Południowa","Dolina Kobylańska","Żabi Koń","https://wspinanie.pl/topo2/page,topo-rejony,rejon,355.html"
"Polska","Jura Krakowsko-Częstochowska","Jura Południowa","Dolina Kobylańska","Mnich","https://wspinanie.pl/topo2/page,topo-rejony,rejon,356.html"
"Polska","Jura Krakowsko-Częstochowska","Jura Południowa","Dolina Kobylańska","Przydrożne Skały","https://wspinanie.pl/topo2/page,topo-rejony,rejon,357.html"
"Polska","Jura Krakowsko-Częstochowska","Jura Południowa","Dolina Kobylańska","Ponad Gnój Turnia","https://wspinanie.pl/topo2/page,topo-rejony,rejon,358.html"
"Polska","Jura Krakowsko-Częstochowska","Jura Południowa","Dolina Kobylańska","Kula","https://wspinanie.pl/topo2/page,topo-rejony,rejon,359.html"
"Polska","Jura Krakowsko-Częstochowska","Jura Południowa","Dolina Kobylańska","Grupa Zjazdowej Turni","https://wspinanie.pl/topo2/page,topo-rejony,rejon,360.html"
"Polska","Jura Krakowsko-Częstochowska","Jura Południowa","Dolina Kobylańska","Grupa Bodzia","https://wspinanie.pl/topo2/page,topo-rejony,rejon,361.html"
"Polska","Jura Krakowsko-Częstochowska","Jura Południowa","Dolina Kobylańska","Pochyła Grań","https://wspinanie.pl/topo2/page,topo-rejony,rejon,362.html"
"Polska","Jura Krakowsko-Częstochowska","Jura Południowa","Dolina Kobylańska","Karniowickie Skały","https://wspinanie.pl/topo2/page,topo-rejony,rejon,598.html"
"Polska","Jura Krakowsko-Częstochowska","Jura Południowa","Dolina Kluczwody","Żytnie Skały","https://wspinanie.pl/topo2/page,topo-rejony,rejon,384.html"
"Polska","Jura Krakowsko-Częstochowska","Jura Południowa","Dolina Kluczwody","Dziurawiec","https://wspinanie.pl/topo2/page,topo-rejony,rejon,385.html"
"Polska","Jura Krakowsko-Częstochowska","Jura Południowa","Dolina Kluczwody","Polnik","https://wspinanie.pl/topo2/page,topo-rejony,rejon,386.html"
"Polska","Jura Krakowsko-Częstochowska","Jura Południowa","Dolina Kluczwody","Poprzeczna Turnia i Zaroślak","https://wspinanie.pl/topo2/page,topo-rejony,rejon,387.html"
"Polska","Jura Krakowsko-Częstochowska","Jura Południowa","Dolina Kluczwody","Dzikie Turnie","https://wspinanie.pl/topo2/page,topo-rejony,rejon,388.html"
"Polska","Jura Krakowsko-Częstochowska","Jura Południowa","Dolina Kluczwody","Ciosowa Turnia","https://wspinanie.pl/topo2/page,topo-rejony,rejon,389.html"
"Polska","Jura Krakowsko-Częstochowska","Jura Południowa","Dolina Kluczwody","Grupa Mamutowej Skały","https://wspinanie.pl/topo2/page,topo-rejony,rejon,390.html"
"Polska","Jura Krakowsko-Częstochowska","Jura Południowa","Dolina Kluczwody","Zamkowe Skały","https://wspinanie.pl/topo2/page,topo-rejony,rejon,391.html"
"Polska","Jura Krakowsko-Częstochowska","Jura Południowa","Dolina Kluczwody","Zamkowa Strażnica","https://wspinanie.pl/topo2/page,topo-rejony,rejon,392.html"
"Polska","Jura Krakowsko-Częstochowska","Jura Południowa","Dolina Kluczwody","Rogata Turniczka","https://wspinanie.pl/topo2/page,topo-rejony,rejon,393.html"
"Polska","Jura Krakowsko-Częstochowska","Jura Południowa","Dolina Kluczwody","Leśna Baszta","https://wspinanie.pl/topo2/page,topo-rejony,rejon,394.html"
"Polska","Jura Krakowsko-Częstochowska","Jura Południowa","Dolina Kluczwody","Turnia Potockiego","https://wspinanie.pl/topo2/page,topo-rejony,rejon,395.html"
"Polska","Jura Krakowsko-Częstochowska","Jura Południowa","Dolina Bolechowicka","Ostra Turniczka i Turnia Łazików","https://wspinanie.pl/topo2/page,topo-rejony,rejon,336.html"
"Polska","Jura Krakowsko-Częstochowska","Jura Południowa","Dolina Bolechowicka","Filar Pokutników","https://wspinanie.pl/topo2/page,topo-rejony,rejon,337.html"
"Polska","Jura Krakowsko-Częstochowska","Jura Południowa","Dolina Bolechowicka","Mur Pokutników","https://wspinanie.pl/topo2/page,topo-rejony,rejon,338.html"
"Polska","Jura Krakowsko-Częstochowska","Jura Południowa","Dolina Bolechowicka","Zamarła Turnia","https://wspinanie.pl/topo2/page,topo-rejony,rejon,339.html"
"Polska","Jura Krakowsko-Częstochowska","Jura Południowa","Dolina Bolechowicka","Turnia nad Drogą","https://wspinanie.pl/topo2/page,topo-rejony,rejon,340.html"
"Polska","Jura Krakowsko-Częstochowska","Jura Południowa","Dolina Bolechowicka","Poprzeczna Grzęda","https://wspinanie.pl/topo2/page,topo-rejony,rejon,341.html"
"Polska","Jura Krakowsko-Częstochowska","Jura Południowa","Dolina Bolechowicka","Filar Abazego","https://wspinanie.pl/topo2/page,topo-rejony,rejon,342.html"
"Polska","Jura Krakowsko-Częstochowska","Jura Południowa","Brama Krakowska","Zakrzówek","https://wspinanie.pl/topo2/page,topo-rejony,rejon,21.html"
"Polska","Jura Krakowsko-Częstochowska","Jura Południowa","Brama Krakowska","Liban","https://wspinanie.pl/topo2/page,topo-rejony,rejon,172.html"
"Polska","Jura Krakowsko-Częstochowska","Jura Południowa","Brama Krakowska","Piekary","https://wspinanie.pl/topo2/page,topo-rejony,rejon,181.html"
"Polska","Jura Krakowsko-Częstochowska","Jura Południowa","Brama Krakowska","Tyniec","https://wspinanie.pl/topo2/page,topo-rejony,rejon,182.html"
"Polska","Jura Krakowsko-Częstochowska","Jura Południowa","Brama Krakowska","Krzemionki","https://wspinanie.pl/topo2/page,topo-rejony,rejon,369.html"
"Polska","Jura Krakowsko-Częstochowska","Jura Południowa","Garb Tenczyński","Dolina Brzoskwinki","https://wspinanie.pl/topo2/page,topo-rejony,rejon,39.html"
"Polska","Jura Krakowsko-Częstochowska","Jura Południowa","Garb Tenczyński","Dolina Wrzosy","https://wspinanie.pl/topo2/page,topo-rejony,rejon,156.html"
"Polska","Jura Krakowsko-Częstochowska","Jura Południowa","Garb Tenczyński","Nielepice","https://wspinanie.pl/topo2/page,topo-rejony,rejon,401.html"
"Polska","Jura Krakowsko-Częstochowska","Jura Południowa","Garb Tenczyński","Zimny Dół","https://wspinanie.pl/topo2/page,topo-rejony,rejon,402.html"
"Polska","Jura Krakowsko-Częstochowska","Jura Południowa","Garb Tenczyński","Wąwóz Półrzeczki","https://wspinanie.pl/topo2/page,topo-rejony,rejon,403.html"
"Polska","Jura Krakowsko-Częstochowska","Jura Południowa","Garb Tenczyński","Dolina Aleksandrowicka","https://wspinanie.pl/topo2/page,topo-rejony,rejon,404.html"
"Polska","Jura Krakowsko-Częstochowska","Jura Południowa","Garb Tenczyński","Kleszczów","https://wspinanie.pl/topo2/page,topo-rejony,rejon,405.html"
"Polska","Jura Krakowsko-Częstochowska","Jura Południowa","Garb Tenczyński","Dolina Brodła","https://wspinanie.pl/topo2/page,topo-rejony,rejon,406.html"
"Polska","Jura Krakowsko-Częstochowska","Jura Południowa","Garb Tenczyński","Rusocice","https://wspinanie.pl/topo2/page,topo-rejony,rejon,407.html"
"Polska","Jura Krakowsko-Częstochowska","Jura Południowa","Garb Tenczyński","Gaudynowskie Skały","https://wspinanie.pl/topo2/page,topo-rejony,rejon,409.html"
"Polska","Jura Krakowsko-Częstochowska","Jura Południowa","Dolina Sanki","Wąwóz Pólrzeczki","https://wspinanie.pl/topo2/page,topo-rejony,rejon,465.html"
"Polska","Jura Krakowsko-Częstochowska","Jura Południowa","Rów Krzeszowicki","Trzebinia - Balaton","https://wspinanie.pl/topo2/page,topo-rejony,rejon,486.html"
"Polska","Jura Krakowsko-Częstochowska","Jura Południowa","Dolina Czubrówki","Kość","https://wspinanie.pl/topo2/page,topo-rejony,rejon,553.html"
"Polska","Jura Krakowsko-Częstochowska","Jura Południowa","Dolina Czubrówki","Bulwa","https://wspinanie.pl/topo2/page,topo-rejony,rejon,559.html"
"Polska","Jura Krakowsko-Częstochowska","Jura Południowa","Dolina Czubrówki","Grupa Rogożowej Skały","https://wspinanie.pl/topo2/page,topo-rejony,rejon,560.html"
"Polska","Jura Krakowsko-Częstochowska","Jura Południowa","Las Wolski","Kawalerskie Skały","https://wspinanie.pl/topo2/page,topo-rejony,rejon,612.html"
"Polska","Jura Krakowsko-Częstochowska","Jura Północna","Sokole Góry","Rejon Bońka","https://wspinanie.pl/topo2/page,topo-rejony,rejon,185.html"
"Polska","Jura Krakowsko-Częstochowska","Jura Północna","Sokole Góry","Rejon Sokolej Baszty","https://wspinanie.pl/topo2/page,topo-rejony,rejon,196.html"
"Polska","Jura Krakowsko-Częstochowska","Jura Północna","Sokole Góry","Rejon Turni Simonda","https://wspinanie.pl/topo2/page,topo-rejony,rejon,197.html"
"Polska","Jura Krakowsko-Częstochowska","Jura Północna","Sokole Góry","Przewieszony Mur","https://wspinanie.pl/topo2/page,topo-rejony,rejon,198.html"
"Polska","Jura Krakowsko-Częstochowska","Jura Północna","Sokole Góry","Rejon Soczewki","https://wspinanie.pl/topo2/page,topo-rejony,rejon,199.html"
"Polska","Jura Krakowsko-Częstochowska","Jura Północna","Sokole Góry","Góra Knieja","https://wspinanie.pl/topo2/page,topo-rejony,rejon,200.html"
"Polska","Jura Krakowsko-Częstochowska","Jura Północna","Sokole Góry","Skały Kadry","https://wspinanie.pl/topo2/page,topo-rejony,rejon,201.html"
"Polska","Jura Krakowsko-Częstochowska","Jura Północna","Sokole Góry","Jodłowa Góra","https://wspinanie.pl/topo2/page,topo-rejony,rejon,202.html"
"Polska","Jura Krakowsko-Częstochowska","Jura Północna","Sokole Góry","Góra Karzełek","https://wspinanie.pl/topo2/page,topo-rejony,rejon,203.html"
"Polska","Jura Krakowsko-Częstochowska","Jura Północna","Mirów","Skały Przy Zamku","https://wspinanie.pl/topo2/page,topo-rejony,rejon,236.html"
"Polska","Jura Krakowsko-Częstochowska","Jura Północna","Mirów","Rejon Trzech Sióstr","https://wspinanie.pl/topo2/page,topo-rejony,rejon,237.html"
"Polska","Jura Krakowsko-Częstochowska","Jura Północna","Mirów","Rejon Czwartej Grzędy","https://wspinanie.pl/topo2/page,topo-rejony,rejon,238.html"
"Polska","Jura Krakowsko-Częstochowska","Jura Północna","Mirów","Rejon Turni Kukuczki","https://wspinanie.pl/topo2/page,topo-rejony,rejon,239.html"
"Polska","Jura Krakowsko-Częstochowska","Jura Północna","Mirów","Rejon Skały z Grotą","https://wspinanie.pl/topo2/page,topo-rejony,rejon,240.html"
"Polska","Jura Krakowsko-Częstochowska","Jura Północna","Mirów","Brama w Bobolicach","https://wspinanie.pl/topo2/page,topo-rejony,rejon,251.html"
"Polska","Jura Krakowsko-Częstochowska","Jura Północna","Rzędkowice","Rejon Wysokiej","https://wspinanie.pl/topo2/page,topo-rejony,rejon,241.html"
"Polska","Jura Krakowsko-Częstochowska","Jura Północna","Rzędkowice","Rejon Zegarowej","https://wspinanie.pl/topo2/page,topo-rejony,rejon,242.html"
"Polska","Jura Krakowsko-Częstochowska","Jura Północna","Rzędkowice","Rejon Studniska","https://wspinanie.pl/topo2/page,topo-rejony,rejon,243.html"
"Polska","Jura Krakowsko-Częstochowska","Jura Północna","Rzędkowice","Rejon Turni Lechfora","https://wspinanie.pl/topo2/page,topo-rejony,rejon,244.html"
"Polska","Jura Krakowsko-Częstochowska","Jura Północna","Rzędkowice","Rejon Ukrytej","https://wspinanie.pl/topo2/page,topo-rejony,rejon,245.html"
"Polska","Jura Krakowsko-Częstochowska","Jura Północna","Rzędkowice","Rejon Mnicha","https://wspinanie.pl/topo2/page,topo-rejony,rejon,246.html"
"Polska","Jura Krakowsko-Częstochowska","Jura Północna","Rzędkowice","Rejon Słonecznej","https://wspinanie.pl/topo2/page,topo-rejony,rejon,247.html"
"Polska","Jura Krakowsko-Częstochowska","Jura Północna","Rzędkowice","Rejon Kamieni","https://wspinanie.pl/topo2/page,topo-rejony,rejon,248.html"
"Polska","Jura Krakowsko-Częstochowska","Jura Północna","Rzędkowice","Rejon Leśnej","https://wspinanie.pl/topo2/page,topo-rejony,rejon,249.html"
"Polska","Jura Krakowsko-Częstochowska","Jura Północna","Rzędkowice","Rejon Ostatniej","https://wspinanie.pl/topo2/page,topo-rejony,rejon,250.html"
"Polska","Jura Krakowsko-Częstochowska","Jura Północna","Rzędkowice","Rejon Faszystowskiego ogródka","https://wspinanie.pl/topo2/page,topo-rejony,rejon,426.html"
"Polska","Jura Krakowsko-Częstochowska","Jura Północna","Dolina Wiercicy","Osiedle Wały","https://wspinanie.pl/topo2/page,topo-rejony,rejon,206.html"
"Polska","Jura Krakowsko-Częstochowska","Jura Północna","Dolina Wiercicy","Diabelskie Mosty","https://wspinanie.pl/topo2/page,topo-rejony,rejon,207.html"
"Polska","Jura Krakowsko-Częstochowska","Jura Północna","Dolina Wiercicy","Ostrężnik","https://wspinanie.pl/topo2/page,topo-rejony,rejon,208.html"
"Polska","Jura Krakowsko-Częstochowska","Jura Północna","Dolina Wiercicy","Okapy Biwakowe","https://wspinanie.pl/topo2/page,topo-rejony,rejon,209.html"
"Polska","Jura Krakowsko-Częstochowska","Jura Północna","Dolina Wiercicy","Rejon Białego Psa","https://wspinanie.pl/topo2/page,topo-rejony,rejon,210.html"
"Polska","Jura Krakowsko-Częstochowska","Jura Północna","Dolina Wiercicy","Brama Twardowskiego","https://wspinanie.pl/topo2/page,topo-rejony,rejon,211.html"
"Polska","Jura Krakowsko-Częstochowska","Jura Północna","Dolina Wiercicy","Baba","https://wspinanie.pl/topo2/page,topo-rejony,rejon,212.html"
"Polska","Jura Krakowsko-Częstochowska","Jura Północna","Dolina Wiercicy","Skały Pustelnika","https://wspinanie.pl/topo2/page,topo-rejony,rejon,213.html"
"Polska","Jura Krakowsko-Częstochowska","Jura Północna","Dolina Wiercicy","Zastudnie","https://wspinanie.pl/topo2/page,topo-rejony,rejon,214.html"
"Polska","Jura Krakowsko-Częstochowska","Jura Północna","Dolina Wiercicy","Laboratorium","https://wspinanie.pl/topo2/page,topo-rejony,rejon,519.html"
"Polska","Jura Krakowsko-Częstochowska","Jura Północna","Dolina Wiercicy","Kieł i Dziurawa","https://wspinanie.pl/topo2/page,topo-rejony,rejon,608.html"
"Polska","Jura Krakowsko-Częstochowska","Jura Północna","Podlesice","Góra Kołoczek","https://wspinanie.pl/topo2/page,topo-rejony,rejon,113.html"
"Polska","Jura Krakowsko-Częstochowska","Jura Północna","Podlesice","Apteka","https://wspinanie.pl/topo2/page,topo-rejony,rejon,133.html"
"Polska","Jura Krakowsko-Częstochowska","Jura Północna","Podlesice","Jastrzębnik","https://wspinanie.pl/topo2/page,topo-rejony,rejon,163.html"
"Polska","Jura Krakowsko-Częstochowska","Jura Północna","Podlesice","Biblioteka","https://wspinanie.pl/topo2/page,topo-rejony,rejon,164.html"
"Polska","Jura Krakowsko-Częstochowska","Jura Północna","Podlesice","Turnia Motocyklistów","https://wspinanie.pl/topo2/page,topo-rejony,rejon,165.html"
"Polska","Jura Krakowsko-Częstochowska","Jura Północna","Podlesice","Góra Zborów","https://wspinanie.pl/topo2/page,topo-rejony,rejon,166.html"
"Polska","Jura Krakowsko-Częstochowska","Jura Północna","Podlesice","Gips","https://wspinanie.pl/topo2/page,topo-rejony,rejon,410.html"
"Polska","Jura Krakowsko-Częstochowska","Jura Północna","Podlesice","Kruk","https://wspinanie.pl/topo2/page,topo-rejony,rejon,487.html"
"Polska","Jura Krakowsko-Częstochowska","Jura Północna","Podlesice","Północny Bastion","https://wspinanie.pl/topo2/page,topo-rejony,rejon,576.html"
"Polska","Jura Krakowsko-Częstochowska","Jura Północna","Kusięta","Zielona Góra","https://wspinanie.pl/topo2/page,topo-rejony,rejon,17.html"
"Polska","Jura Krakowsko-Częstochowska","Jura Północna","Kusięta","Kuropatwa","https://wspinanie.pl/topo2/page,topo-rejony,rejon,19.html"
"Polska","Jura Krakowsko-Częstochowska","Jura Północna","Kusięta","Psi Nos","https://wspinanie.pl/topo2/page,topo-rejony,rejon,189.html"
"Polska","Jura Krakowsko-Częstochowska","Jura Północna","Kusięta","Lisia","https://wspinanie.pl/topo2/page,topo-rejony,rejon,190.html"
"Polska","Jura Krakowsko-Częstochowska","Jura Północna","Kusięta","Góry Towarne","https://wspinanie.pl/topo2/page,topo-rejony,rejon,191.html"
"Polska","Jura Krakowsko-Częstochowska","Jura Północna","Olsztyn","Rejon Dziewicy","https://wspinanie.pl/topo2/page,topo-rejony,rejon,100.html"
"Polska","Jura Krakowsko-Częstochowska","Jura Północna","Olsztyn","Góra Biakło","https://wspinanie.pl/topo2/page,topo-rejony,rejon,178.html"
"Polska","Jura Krakowsko-Częstochowska","Jura Północna","Olsztyn","Przy Zamku","https://wspinanie.pl/topo2/page,topo-rejony,rejon,192.html"
"Polska","Jura Krakowsko-Częstochowska","Jura Północna","Olsztyn","Rejon Słonecznych","https://wspinanie.pl/topo2/page,topo-rejony,rejon,193.html"
"Polska","Jura Krakowsko-Częstochowska","Jura Północna","Olsztyn","Góra Lipówki","https://wspinanie.pl/topo2/page,topo-rejony,rejon,195.html"
"Polska","Jura Krakowsko-Częstochowska","Jura Północna","Przełom Warty","Miłosna","https://wspinanie.pl/topo2/page,topo-rejony,rejon,221.html"
"Polska","Jura Krakowsko-Częstochowska","Jura Północna","Przełom Warty","Kościółek","https://wspinanie.pl/topo2/page,topo-rejony,rejon,222.html"
"Polska","Jura Krakowsko-Częstochowska","Jura Północna","Przełom Warty","Mirów nad Wartą","https://wspinanie.pl/topo2/page,topo-rejony,rejon,223.html"
"Polska","Jura Krakowsko-Częstochowska","Jura Północna","Suliszowice","Kazalnica Suliszowicka","https://wspinanie.pl/topo2/page,topo-rejony,rejon,224.html"
"Polska","Jura Krakowsko-Częstochowska","Jura Północna","Suliszowice","Skała We Wsi","https://wspinanie.pl/topo2/page,topo-rejony,rejon,225.html"
"Polska","Jura Krakowsko-Częstochowska","Jura Północna","Suliszowice","Rejon Dziurawej","https://wspinanie.pl/topo2/page,topo-rejony,rejon,226.html"
"Polska","Jura Krakowsko-Częstochowska","Jura Północna","Suliszowice","Skała Biedruniowa","https://wspinanie.pl/topo2/page,topo-rejony,rejon,227.html"
"Polska","Jura Krakowsko-Częstochowska","Jura Północna","Suliszowice","Sroga Skała","https://wspinanie.pl/topo2/page,topo-rejony,rejon,228.html"
"Polska","Jura Krakowsko-Częstochowska","Jura Północna","Suliszowice","Skała pod Prądem","https://wspinanie.pl/topo2/page,topo-rejony,rejon,604.html"
"Polska","Jura Krakowsko-Częstochowska","Jura Północna","Trzebniów","Kacza Skała","https://wspinanie.pl/topo2/page,topo-rejony,rejon,229.html"
"Polska","Jura Krakowsko-Częstochowska","Jura Północna","Trzebniów","Skały Na Wzgórzu","https://wspinanie.pl/topo2/page,topo-rejony,rejon,230.html"
"Polska","Jura Krakowsko-Częstochowska","Jura Północna","Przewodziszowice","Skały Rajcy","https://wspinanie.pl/topo2/page,topo-rejony,rejon,231.html"
"Polska","Jura Krakowsko-Częstochowska","Jura Północna","Przewodziszowice","Strażnica Przewodziszowicka","https://wspinanie.pl/topo2/page,topo-rejony,rejon,232.html"
"Polska","Jura Krakowsko-Częstochowska","Jura Północna","Łutowiec","Rejon Zamkowej","https://wspinanie.pl/topo2/page,topo-rejony,rejon,233.html"
"Polska","Jura Krakowsko-Częstochowska","Jura Północna","Łutowiec","Rejon Łysej","https://wspinanie.pl/topo2/page,topo-rejony,rejon,234.html"
"Polska","Jura Krakowsko-Częstochowska","Jura Północna","Łutowiec","Rejon Słonia","https://wspinanie.pl/topo2/page,topo-rejony,rejon,235.html"
"Polska","Jura Krakowsko-Częstochowska","Jura Północna","Łutowiec","Czarny Kamień","https://wspinanie.pl/topo2/page,topo-rejony,rejon,585.html"
"Polska","Jura Krakowsko-Częstochowska","Jura Północna","Łutowiec","Grupa Knura","https://wspinanie.pl/topo2/page,topo-rejony,rejon,586.html"
"Polska","Jura Krakowsko-Częstochowska","Jura Północna","Łutowiec","Polny Kamień","https://wspinanie.pl/topo2/page,topo-rejony,rejon,613.html"
"Polska","Jura Krakowsko-Częstochowska","Jura Północna","Piaseczno","Nietoperze","https://wspinanie.pl/topo2/page,topo-rejony,rejon,481.html"
"Polska","Jura Krakowsko-Częstochowska","Jura Północna","Skały Kroczyckie","Bogdanka","https://wspinanie.pl/topo2/page,topo-rejony,rejon,527.html"
"Polska","Jura Krakowsko-Częstochowska","Jura Północna","Morsko","Łężec","https://wspinanie.pl/topo2/page,topo-rejony,rejon,532.html"
"Polska","Jura Krakowsko-Częstochowska","Jura Północna","Morsko","Barwinek","https://wspinanie.pl/topo2/page,topo-rejony,rejon,580.html"
"Polska","Jura Krakowsko-Częstochowska","Jura Północna","Skarżyce","Cydzownik","https://wspinanie.pl/topo2/page,topo-rejony,rejon,546.html"
"Polska","Jura Krakowsko-Częstochowska","Jura Północna","Żerkowice","Jaskółcza Skała","https://wspinanie.pl/topo2/page,topo-rejony,rejon,562.html"
"Polska","Jura Krakowsko-Częstochowska","Jura Północna","Popielowa","Popiielowe SER","https://wspinanie.pl/topo2/page,topo-rejony,rejon,606.html"
"Polska","Jura Krakowsko-Częstochowska","Jura Północna","Popielowa","Immanuel","https://wspinanie.pl/topo2/page,topo-rejony,rejon,607.html"
"Polska","Jura Krakowsko-Częstochowska","Jura Środkowa","Podzamcze","Suchy Połeć","https://wspinanie.pl/topo2/page,topo-rejony,rejon,265.html"
"Polska","Jura Krakowsko-Częstochowska","Jura Środkowa","Podzamcze","Góra Birów","https://wspinanie.pl/topo2/page,topo-rejony,rejon,266.html"
"Polska","Jura Krakowsko-Częstochowska","Jura Środkowa","Podzamcze","Góra Zamkowa","https://wspinanie.pl/topo2/page,topo-rejony,rejon,267.html"
"Polska","Jura Krakowsko-Częstochowska","Jura Środkowa","Podzamcze","Gołębnik","https://wspinanie.pl/topo2/page,topo-rejony,rejon,268.html"
"Polska","Jura Krakowsko-Częstochowska","Jura Środkowa","Podzamcze","Okręt","https://wspinanie.pl/topo2/page,topo-rejony,rejon,269.html"
"Polska","Jura Krakowsko-Częstochowska","Jura Środkowa","Podzamcze","Zapad","https://wspinanie.pl/topo2/page,topo-rejony,rejon,270.html"
"Polska","Jura Krakowsko-Częstochowska","Jura Środkowa","Podzamcze","Wielbłąd","https://wspinanie.pl/topo2/page,topo-rejony,rejon,504.html"
"Polska","Jura Krakowsko-Częstochowska","Jura Środkowa","Podzamcze","Cim","https://wspinanie.pl/topo2/page,topo-rejony,rejon,505.html"
"Polska","Jura Krakowsko-Częstochowska","Jura Środkowa","Ryczów i okolice","Grochowiec Wielki","https://wspinanie.pl/topo2/page,topo-rejony,rejon,157.html"
"Polska","Jura Krakowsko-Częstochowska","Jura Środkowa","Ryczów i okolice","Brzuchacka Skała","https://wspinanie.pl/topo2/page,topo-rejony,rejon,271.html"
"Polska","Jura Krakowsko-Częstochowska","Jura Środkowa","Ryczów i okolice","Szczebel","https://wspinanie.pl/topo2/page,topo-rejony,rejon,272.html"
"Polska","Jura Krakowsko-Częstochowska","Jura Środkowa","Ryczów i okolice","Kosia","https://wspinanie.pl/topo2/page,topo-rejony,rejon,273.html"
"Polska","Jura Krakowsko-Częstochowska","Jura Środkowa","Ryczów i okolice","Zwierzyniec","https://wspinanie.pl/topo2/page,topo-rejony,rejon,275.html"
"Polska","Jura Krakowsko-Częstochowska","Jura Środkowa","Ryczów i okolice","Straszykowe Skały","https://wspinanie.pl/topo2/page,topo-rejony,rejon,276.html"
"Polska","Jura Krakowsko-Częstochowska","Jura Środkowa","Ryczów i okolice","Ząbczysko","https://wspinanie.pl/topo2/page,topo-rejony,rejon,277.html"
"Polska","Jura Krakowsko-Częstochowska","Jura Środkowa","Ryczów i okolice","Długa z Półką","https://wspinanie.pl/topo2/page,topo-rejony,rejon,278.html"
"Polska","Jura Krakowsko-Częstochowska","Jura Środkowa","Ryczów i okolice","Cisownik","https://wspinanie.pl/topo2/page,topo-rejony,rejon,542.html"
"Polska","Jura Krakowsko-Częstochowska","Jura Środkowa","Karlin i okolice","Kamienie Żerkowickie","https://wspinanie.pl/topo2/page,topo-rejony,rejon,261.html"
"Polska","Jura Krakowsko-Częstochowska","Jura Środkowa","Karlin i okolice","Skała Nad Wsią","https://wspinanie.pl/topo2/page,topo-rejony,rejon,262.html"
"Polska","Jura Krakowsko-Częstochowska","Jura Środkowa","Karlin i okolice","Biały Kamień","https://wspinanie.pl/topo2/page,topo-rejony,rejon,263.html"
"Polska","Jura Krakowsko-Częstochowska","Jura Środkowa","Karlin i okolice","Krzewiny","https://wspinanie.pl/topo2/page,topo-rejony,rejon,264.html"
"Polska","Jura Krakowsko-Częstochowska","Jura Środkowa","Karlin i okolice","Rzędowa Skała","https://wspinanie.pl/topo2/page,topo-rejony,rejon,534.html"
"Polska","Jura Krakowsko-Częstochowska","Jura Środkowa","Dolina Dłubni","Wąwóz Ostryszni","https://wspinanie.pl/topo2/page,topo-rejony,rejon,300.html"
"Polska","Jura Krakowsko-Częstochowska","Jura Środkowa","Dolina Dłubni","Sokół","https://wspinanie.pl/topo2/page,topo-rejony,rejon,301.html"
"Polska","Jura Krakowsko-Częstochowska","Jura Środkowa","Dolina Dłubni","Mały Chiński Mur","https://wspinanie.pl/topo2/page,topo-rejony,rejon,302.html"
"Polska","Jura Krakowsko-Częstochowska","Jura Środkowa","Dolina Dłubni","Durszlak","https://wspinanie.pl/topo2/page,topo-rejony,rejon,303.html"
"Polska","Jura Krakowsko-Częstochowska","Jura Środkowa","Smoleń i okolice","Park Jurajski","https://wspinanie.pl/topo2/page,topo-rejony,rejon,279.html"
"Polska","Jura Krakowsko-Częstochowska","Jura Środkowa","Smoleń i okolice","Wróblowa","https://wspinanie.pl/topo2/page,topo-rejony,rejon,280.html"
"Polska","Jura Krakowsko-Częstochowska","Jura Środkowa","Smoleń i okolice","Gaj","https://wspinanie.pl/topo2/page,topo-rejony,rejon,281.html"
"Polska","Jura Krakowsko-Częstochowska","Jura Środkowa","Smoleń i okolice","Ruskowa","https://wspinanie.pl/topo2/page,topo-rejony,rejon,282.html"
"Polska","Jura Krakowsko-Częstochowska","Jura Środkowa","Smoleń i okolice","Biśnik","https://wspinanie.pl/topo2/page,topo-rejony,rejon,283.html"
"Polska","Jura Krakowsko-Częstochowska","Jura Środkowa","Smoleń i okolice","Grodzisko Chłopskie","https://wspinanie.pl/topo2/page,topo-rejony,rejon,284.html"
"Polska","Jura Krakowsko-Częstochowska","Jura Środkowa","Smoleń i okolice","Grodzisko Pańskie","https://wspinanie.pl/topo2/page,topo-rejony,rejon,285.html"
"Polska","Jura Krakowsko-Częstochowska","Jura Środkowa","Smoleń i okolice","Bezpańska","https://wspinanie.pl/topo2/page,topo-rejony,rejon,286.html"
"Polska","Jura Krakowsko-Częstochowska","Jura Środkowa","Smoleń i okolice","Goncerzyca","https://wspinanie.pl/topo2/page,topo-rejony,rejon,287.html"
"Polska","Jura Krakowsko-Częstochowska","Jura Środkowa","Smoleń i okolice","Krzywość","https://wspinanie.pl/topo2/page,topo-rejony,rejon,288.html"
"Polska","Jura Krakowsko-Częstochowska","Jura Środkowa","Smoleń i okolice","Zegarowe Skały","https://wspinanie.pl/topo2/page,topo-rejony,rejon,289.html"
"Polska","Jura Krakowsko-Częstochowska","Jura Środkowa","Smoleń i okolice","Jaskinia Jasna w Strzegowej","https://wspinanie.pl/topo2/page,topo-rejony,rejon,290.html"
"Polska","Jura Krakowsko-Częstochowska","Jura Środkowa","Smoleń i okolice","Udórz","https://wspinanie.pl/topo2/page,topo-rejony,rejon,291.html"
"Polska","Jura Krakowsko-Częstochowska","Jura Środkowa","Olkusz i okolice","Pazurek","https://wspinanie.pl/topo2/page,topo-rejony,rejon,292.html"
"Polska","Jura Krakowsko-Częstochowska","Jura Środkowa","Olkusz i okolice","Igły Olkuskie ","https://wspinanie.pl/topo2/page,topo-rejony,rejon,293.html"
"Polska","Jura Krakowsko-Częstochowska","Jura Środkowa","Olkusz i okolice","Zubowe Skały","https://wspinanie.pl/topo2/page,topo-rejony,rejon,294.html"
"Polska","Jura Krakowsko-Częstochowska","Jura Środkowa","Olkusz i okolice","Maniakówka","https://wspinanie.pl/topo2/page,topo-rejony,rejon,295.html"
"Polska","Jura Krakowsko-Częstochowska","Jura Środkowa","Olkusz i okolice","Turnia Nad Kopalnią","https://wspinanie.pl/topo2/page,topo-rejony,rejon,296.html"
"Polska","Jura Krakowsko-Częstochowska","Jura Środkowa","Olkusz i okolice","Pomorzańskie Skałki","https://wspinanie.pl/topo2/page,topo-rejony,rejon,297.html"
"Polska","Jura Krakowsko-Częstochowska","Jura Środkowa","Olkusz i okolice","Rabsztyn","https://wspinanie.pl/topo2/page,topo-rejony,rejon,298.html"
"Polska","Jura Krakowsko-Częstochowska","Jura Środkowa","Olkusz i okolice","Januszkowa Góra","https://wspinanie.pl/topo2/page,topo-rejony,rejon,299.html"
"Polska","Sudety","Karkonosze","Jelenia Góra i okolice","Góra Gapy","https://wspinanie.pl/topo2/page,topo-rejony,rejon,499.html"
"Polska","Sudety","Hejszowina","Szczeliniec Wielki","Prawy południowo-zachodni mur","https://wspinanie.pl/topo2/page,topo-rejony,rejon,177.html"
